id_ville,ville,url,hotels
2,Bayeux,https://www.booking.com/searchresults.fr.html?ss=Bayeux,"[""Hotel Le Lion D'Or et Restaurant La Table Du Lion"", 'Hôtel De Brunville & Spa', 'Grand Hôtel du Luxembourg & Spa', 'Château de Bellefontaine - Teritoria', 'Tiny house au cœur de Bayeux', 'Hotel Reine Mathilde', 'Domaine de Bayeux', 'Ibis Budget Bayeux', 'Novotel Bayeux', ""Hôtel d'Argouges"", 'Manoir Sainte Victoire', 'Le Petit Malo', 'La Maison de Mathilde', 'Campanile Bayeux', 'Villa Lara Hotel', 'Gites les Pourquoi Pas - Résidence de Tourisme DSV Bayeux', 'Le Chat Qui Veille', 'Le Cocon Bayeusain x Parking by Melrose', 'Le Castel Guesthouse', 'Le Soleil de Saint Patrice', 'Maison 4/6 personnes à Bayeux', 'La Belle Epoque', 'Le Declic', 'Au Loup Historic Apartments', 'B&B Nathalie']"
5,Paris,https://www.booking.com/searchresults.fr.html?ss=Paris,"['Hotel La Lanterne & Spa By Timhotel', 'Le Mathurin Hotel & Spa', 'Star Champs-Elysées', 'Hotel Grand Coeur Latin', ""Hôtel D'Aubusson"", ""Laz' Hotel Spa Urbain Paris"", 'Les Rives Oceanik', 'Lyric Hotel Paris Opera', 'voco Paris Montparnasse by IHG', 'Alberte Hôtel', 'Hôtel Le Marianne', 'Hotel Trianon Rive Gauche', ""Paris j'Adore Hotel & Spa"", 'New Hotel Opéra', 'Hotel Prince Albert Opéra', 'Le Jardin de Verre by Locke', 'Le Bellune Paris', ""L'Empire Paris - Louvre"", 'Hôtel Des Marronniers', 'Suites FL By Sweett', 'Hotel Touraine Opera', 'Hotel La Villa Saint Germain Des Prés', 'Hotel Villa Saxe Eiffel', 'Hôtel Etoile Maillot', 'B Montmartre']"
4,Rouen,https://www.booking.com/searchresults.fr.html?ss=Rouen,"['Hôtel de Bourgtheroulde, Autograph Collection', 'Novotel Rouen Centre Cathédrale', 'Radisson Blu Hotel, Rouen Centre', 'Hyatt Place Rouen', 'Mercure Rouen Centre Cathédrale', 'T3 Flat Moderne sur 2 étages Metro Parking Free Entrance autonome', 'Hôtel Littéraire Gustave Flaubert, BW Signature Collection', 'Glamour Chic en hyper centre pour 4 - Wifi - Sauna pour 2 - MyLittleStay', 'Appart Rouen Centre', 'Rouen ECO LODGES maison entière avec terrasse dans jardin potager piscine parking', 'Rouen centre avec Sauna - Jacuzzi - Parking - 5 étoiles', 'Hôtel De La Cathédrale', 'Stanislas', 'Ambiance Jungle et Cocon en hyper centre pour 2, 4 ou 6 pers - MyLittleStay', 'Rouen Vue Cathédrale', 'Eaux Spa', ""studi'home"", 'SPACIEUX DUPLEX PRES DES QUAIS DE SEINE LINGE MAISON FOURNI PARKING GRATUIT 4 CHAMBRES bienvenue à vous', 'ibis Rouen Centre Champ de Mars', 'Maison hypercentre Rouen tout confort', 'CosyRouen Bali Jacuzzi & Hamman', 'Le Crosne - Parking - Standing - Calme', 'Appartement typique Rouen centre tout confort', 'Maison familiale avec extérieur Ménage et linges inclus', 'Novotel Suites Rouen Normandie']"
6,Amiens,https://www.booking.com/searchresults.fr.html?ss=Amiens,"['Mercure Amiens Cathédrale', 'Holiday Inn Express Amiens by IHG', 'ibis Styles Amiens Centre', 'Moxy Amiens', 'WHITE HOUSE DHAVERNAS - FREE PARKiNG - PROCHE CENTRE', 'ibis budget Amiens Centre Gare', 'Nemea Appart Hotel Coliseum Amiens Centre', ""L'Hortillon"", 'Hotel Le Prieuré et La Résidence', 'Le Saint Louis', 'Cinéma & Disney avec Balcon & Parking en Hyper Centre', 'Amiens LOFT', 'La jungle insolite, SPA, Écran cinéma, Lit à baldaquin king size, day use, 10 min centre', 'duplex proche gare vue tour Perret avec parking gratuit', 'Les Hortensias Roses Duplex', 'Le Cottage des Hortillonnages', 'Appartement Les Jardins de Jules Verne - Côté Mer', 'The Originals Boutique Hôtel Amiens Sud', 'L Amiens Haussmann-Gare-Hortillonnages-Centre-ville-WIFI', 'Maison Longuevie', 'DOWNTOWN LOFT - CENTRE VILLE - WiFi - NETFLIX', 'Appart Hotel Odalys City Amiens Blamont', 'Maison de Charme - 4 Chambres - Courette & Parking Gratuit', 'Maison Ulysse', 'Hotel Central Anzac']"
1,St. Malo,https://www.booking.com/searchresults.fr.html?ss=St. Malo,"['Hôtel France et Chateaubriand', 'Hôtel Anne de Bretagne', 'Oceania Saint Malo', 'Grand Hôtel Des Thermes', 'Hôtel Bristol Union Intra Muros', 'Escale Oceania Saint Malo', 'Hôtel Le Nouveau Monde', 'Hôtel Cartier', 'Golden Tulip Saint Malo– Le Grand Bé', ""L'Echo des Vagues"", 'Kyriad Prestige Saint-Malo', 'Best Western Alexandra', 'ibis Saint Malo Plage', 'Hotel Kyriad Saint Malo Centre Plage', 'La Maison des Armateurs', ""Hôtel L'Adresse - Entièrement rénové"", 'Hôtel Le Nautilus', 'Le Hauturier - appartement de standing avec vue mer', 'Ambassadeurs Logis Hotel', 'Residence Reine Marine', 'Hotel Elizabeth - Intra Muros', ""Hotel De L'univers"", 'Les Létruns - Appart - 3 pers - Vue sur la mer', 'Hôtel Le Beaufort', 'ibis Styles Saint Malo Port']"
7,Lille,https://www.booking.com/searchresults.fr.html?ss=Lille,"['Grand Hotel Bellevue - Grand Place', 'Alliance Lille - Couvent Des Minimes', 'Aparthotel Adagio Lille Centre Grand Place', 'Moxy Lille City', 'Mercure Lille Centre Grand Place', 'Au 30 Lille Centre Grand Palais', 'Mama Shelter Lille', 'Edgar Suites Lille - Faidherbe', 'Hôtel Carlton Lille', 'Hotel Chagnot', 'Hotel Lille Europe', 'Hilton Lille', ""Hotel L'Arbre Voyageur - BW Premier Collection - LILLE"", ""L'Hermitage Gantois, Autograph Collection"", 'Novotel Lille Centre Gares', 'Mercure Lille Centre Vieux Lille', 'Campanile Lille Euralille', 'Hôtel Barrière Lille', 'OKKO Hotels Lille Centre', 'Best Western Premier Why Hotel', 'Kyriad Lille Gare - Grand Palais', 'Au Cœur du Jardin', 'Novotel Suites Lille Europe', 'ibis Lille Centre Gares', 'Lille City Hotel']"
8,Strasbourg,https://www.booking.com/searchresults.fr.html?ss=Strasbourg,"['Hotel Les Haras', 'voco Strasbourg Centre - The Garden by IHG', 'Cour du Corbeau Hotel Strasbourg - MGallery Collection', 'Hôtel Régent Contades', 'Hôtel Tandem - Boutique Hôtel', 'Maison Rouge Strasbourg Hotel & Spa, Autograph Collection', 'Citadines Kléber Strasbourg', ""LiFE VOYAGE RESIDENCE & SPA - Strasbourg's City Center Luxury Experience"", 'Citadines Eurometropole Strasbourg', 'Hôtel LÉONOR the place to live', 'Hotel & Spa REGENT PETITE FRANCE', 'Lagrange Apart’Hotel Strasbourg Wilson', 'ClapClap Hôtel, Food & Bar', 'Hotel Roses', ""LIFE VOYAGE & SPA - Strasbourg's City Center Luxury Experience"", 'Appartements de la Pléiade', 'Aparthotel Adagio Strasbourg Place Kleber', ""Hôtel de l'Europe by HappyCulture"", 'Hôtel le Grillon', 'Hôtel Du Dragon', 'HANNONG Hotel & Wine Bar', 'Goodtime Apartments Strasbourg', 'Hôtel Garrigae Villa La Florangerie - SPA & Piscine', 'LIFE RENAISSANCE - New Concept - Place Kléber', 'Au Quai Des Pecheurs']"
9,Château du Haut-Kœnigsbourg,https://www.booking.com/searchresults.fr.html?ss=Château du Haut-Kœnigsbourg,"['Domaine du Haut-Koenigsbourg', 'La forêt Enchantée - Cozy Immo', 'Au pied du Château', ""Chambres d'hôtes François Bleger"", 'Au Bon Logis', 'Au Fief du Château', 'Gîte du Rotenberg', 'chambres d\'hotes "" Le Magnolia ""', 'Gîte Meyer-Liss', ""Chambres d'hôtes Fahrer-Ackermann"", 'Le Grasberg', 'Hotel Elisabeth', 'Domaine Bleger by Windmuehl', 'Gite Weyer n°3', 'Apartment Route du Vin Centre Alsace', 'Gite Weyer Numéro 2', 'chez Coco', 'Gites-Weyer n°1', 'Hôtel du Haut Koenigsbourg- entre vignes et château', 'Gîtes Thirion', 'Gîte MARTINS', ""Maison d'Hôtes Le Cep d'Or Alsace"", 'Chambre Le Hupsa Pfannala', 'Résidence Odalys Le Domaine des Rois', 'Gîtes Marschall Jean-Pierre']"
16,Lyon,https://www.booking.com/searchresults.fr.html?ss=Lyon,"['InterContinental Lyon - Hotel Dieu by IHG', 'Pullman Lyon', 'Radisson Blu Hotel, Lyon', 'OKKO Hotels Lyon Centre', 'Mercure Lyon Centre Saxe Lafayette', 'Warwick Reine Astrid - Lyon', 'Novotel Lyon Centre-Confluence Bord de Saone', 'Campanile Lyon Centre Part-Dieu', 'Nemea Appart Hotel So Cloud Lyon Gare Part-Dieu', 'Grand Hotel des Terreaux', 'Lagrange Aparthotel Lyon Lumière', 'Hôtel Le Roosevelt Lyon', 'Fourvière Hôtel', 'Carlton Hotel Lyon - MGallery Collection', 'Lyon Marriott Hotel Cité Internationale', 'Keystone Hôtel & Spa', 'Hôtel Lyon Métropole', 'Villa Florentine', 'Residence Montempo Lyon Cite Internationale', 'Hôtel Chromatics & Restaurant Hill Club by HappyCulture', 'TRIBE Lyon Croix Rousse', ""Hôtel de l'Abbaye Lyon - Boutique Hôtel"", 'Collège Hôtel', 'Bayard Bellecour', 'Hôtel Mercure Lyon Centre Lumière']"
15,Grenoble,https://www.booking.com/searchresults.fr.html?ss=Grenoble,"['Hôtel Terminus', 'The Babel Community Hôtel - Grenoble Bastille', 'RockyPop Grenoble Hotel', 'OKKO Hotels Grenoble Centre', '1924 Hôtel', 'Kyriad Grenoble Centre', 'Campanile Grenoble Centre Gare', 'Tempologis Grenoble', 'Le Téléphérique, 6 pers, 300 m Gare, Climatisation', 'Appartement Loft centre ville situé dans rue calme', 'Mercure Grenoble Centre Porte des Alpes', 'Le Grand Hôtel Grenoble, BW Premier Collection by Best Western', 'Maison Barbillon Grenoble - Centre Gare', ""Residhotel Le Central'Gare"", '""L\'Etoile"" 4 chambres-hyper centre', 'Residhotel Grenette', 'Novotel Grenoble Centre', 'Appartements Residilaverde Gare', 'Très élégant duplex, proche Gare', 'Le Condorcet. Charme et confort à Championnet', 'Hôtel d’Angleterre Grenoble Hyper-Centre', 'Residhome Grenoble Caserne De Bonne', 'Adagio Grenoble Centre', 'B&B HOTEL Grenoble Centre Alpexpo', 'Mercure Grenoble Centre Alpotel']"
17,Gorges du Verdon,https://www.booking.com/searchresults.fr.html?ss=Gorges du Verdon,"[""Chambre d'hotes - Ferme de Chanteraine"", 'La Ferme Rose-Hôtel de Charme', 'B&B Auberge Verdon', 'Hôtel Sainte Anne ""Le Verdon""', 'Le Vieux Château', 'La casa Elisa Gîte T2 indépendant', 'Hôtel & Résidence Lou Paradou Gréoux Les Bains', 'Camping Notre Dame', 'LES BASTIDES DE CHANTERAINE Bungalows, Lodges & Spa', 'Gabrielle hôtel', 'Hôtel Le Colombier', 'Les Canyons du Verdon', 'La Clorinde', ""Bnb Castellane Chambre d'Hotes B&B"", 'Domaine de Majastre', 'Auberge de Baudinard sur Verdon', 'Résidence Odalys La Licorne de Haute Provence', ""Verdon Secret - L'escapade parfaite"", 'Studi-Hôtel Résidence Plein Voile', 'Les cabanes de Bourras', 'Belambra Clubs Montpezat - Le Verdon', 'La Maison du Courtil, Citron-Caramel', 'Camping La Ferme de Castellane', 'La Bastide du Calalou; BW Signature Collection', 'La Maison du Courtil, Figue-Miel']"
11,Eguisheim,https://www.booking.com/searchresults.fr.html?ss=Eguisheim,"['Hotel SPA Husseren Collections - Proche Colmar - Eguisheim', 'James Vignoble Hôtel, Eguisheim', 'Hotel Colmar Vignes Eguisheim', ""Hôtel L'Auberge Alsacienne"", 'Les chambres du domaine', 'The Originals Boutique, Hôtel La Ferme du Pape, Eguisheim', ""Ide'Alsace"", ""L'Hostellerie du Château"", 'Gîtes Au Château Fleuri', ""L'Adresse - Rempart Sud - Eguisheim avec garage privé"", 'BRETZEL gîte dans maison Alsacienne, Eguisheim', 'B&B Relais du Vigneron - Jean-Luc et Bruno Meyer', 'Auberge du Rempart', 'Gîte le Petit Muscat à Eguisheim', 'Chambre Super Broussard', ""Résidence Pierre & Vacances Le Clos d'Eguisheim"", 'Gite Le Petit Malsbach Eguisheim 3 étoiles', 'Chez Jade et Ambre', 'Auberge des Trois Châteaux', 'Charmant studio avec parking', 'Gite à Eguisheim proche de Colmar et Kaysergberg.', ""Appartement Le Ch'ti Alsacien"", ""Le Hameau d'Eguisheim - Chambres d'hôtes & Gîtes"", 'Au nid des remparts à Eguisheim', 'La petite tuilerie d Eguisheim']"
12,Besançon,https://www.booking.com/searchresults.fr.html?ss=Besançon,"['ibis Besançon Centre la City', 'ibis Styles Besançon', 'Hôtel Restaurant Spa Le Sauvage', 'Best Western Citadelle', 'Hôtel de Paris', 'Logis Hôtel Victor Hugo & Spa', 'ibis Besançon Centre Ville', 'Comfort Aparthotel Besancon La City', 'Mercure Besancon Parc Micaud - Hotel & Bar', 'Temis hôtel Besançon', 'Best Western Hotel Fontaine Argent', '« L’atelier » halte charmante et reposante', 'Comfort Aparthotel Besancon Hauts du Chazal', 'Hotel Du Nord', 'Hotel Restaurant Vesontio', 'Les Fabuleux appartements du Coeur de ville - Place Victor Hugo', 'Hotel Régina', 'Logement tout confort avec jardin proche centre', 'Ultimate Comfort ! Jacuzzi & Sauna.', 'T3 Calme - Idéal Famille & Pros - Parking - Jardin - WiFi - Netflix', 'Le Loft Horloger avec parking', 'Contact Hôtel Foch', ""L'île d'Olive, appartement entier 2 à 4 personnes terrasse 25 m2 Besançon, proche CV, Micropolis et CHU"", 'Hypercentre calme - Le Gatsby - Coconhome', 'Appartment Les Suites Du Parc']"
13,Dijon,https://www.booking.com/searchresults.fr.html?ss=Dijon,"['Aloft Hotel, By Marriott', 'Mama Shelter Dijon', ""Holiday Inn Dijon Toison D'or by IHG"", 'Vertigo Hotel, By Marriott, a Member of Design Hotels', 'Oceania Le Jura Dijon', 'Grand Hôtel La Cloche Dijon - MGallery Collection', 'ibis Styles Dijon Central', ""Alfred Suites - Appart's Hôtel - Dijon - Centre Historique"", 'Hôtel des Ducs', ""Appart'hôtel Odalys City - Dijon Centre Les Cordeliers"", ""La chouette d'or"", 'INTO THE WINE', 'Hotel Le Jacquemart', 'Dijon La Belle Adresse', 'Mercure Dijon Centre Clemenceau', 'City Loft Apparthotel', 'ibis Dijon Gare', 'Holiday Inn Dijon Sud - Longvic by IHG', 'Côté Cour - Centre Ville- Calme - Charme - 4 Voyageurs', 'Aparthotel Adagio Access Dijon République', 'Appartement Climatisé 7mn Centre Ville 95M2 4 Adultes Bébé Garage Sous sol Arrivée Autonome', 'Dijon hypercentre - Loge Buffon', 'Nomad Hotel Dijon', 'Suite Romanée 6 personnes vue Cathédrale 2 Places de parking', 'Hostellerie Du Chapeau Rouge']"
0,Mont Saint-Michel,https://www.booking.com/searchresults.fr.html?ss=Mont Saint-Michel,"['Mercure Mont Saint Michel', 'La Mère Poulard', 'Auberge Saint Pierre', 'Les Terrasses Poulard', 'Chez Adèle', 'La Vieille Auberge', 'Le Relais Saint Michel', 'Le Mouton Blanc', 'Le Duguesclin', 'Hôtel Vert', 'Hôtel la Croix Blanche', ""Appart Standing - La Coque d'Or"", 'Le Saint Aubert', 'Le Relais Du Roy', 'Hotel Gabriel', 'Ermitage - Mont-Saint-Michel', 'Au Mont De La Rive #Jaccuzi et Mont-Saint-Michel #', 'Mon Saint Michel', 'La Jacotière', ""L'Hirondelle"", 'Gîte La Mouette de 4 personnes', 'Le Marquis De La Guintre', 'Etoile des Grèves', 'Camping Les Pommiers du Mont Saint Michel', 'Auberge de la Baie']"
18,Bormes-les-Mimosas,https://www.booking.com/searchresults.fr.html?ss=Bormes-les-Mimosas,"[""L'Odyssée provençale, un duplex de charme de 2 chambres au pied du village médiéval de Bormes-les-Mimosas, offrant des prestations haut de gamme et une superbe vue sur le Massif des Maures"", 'La Recampado', 'Apartment Le Clos Jardin-1 by Interhome', 'Le Mirage', 'Eden Rose Grand Hotel BW Premier Collection', 'Hostellerie du Cigalou', 'Bel appartement classé 3 étoiles', 'Hotel La Voile', 'Hôtel Paradis', 'Maison Gaou Bénat Piscine Vue mer', 'Superbe Duplex 35m2 vue mer avec piscine', 'Superbe T4 -Vue Mer- Tout Confort Refait à Neuf!', ""SELECT'soHOME - Maison neuve avec piscine - Parking inclus - EVASION"", 'Villa au calme avec piscine privative', 'Hôtel de la Plage - HDLP', 'Bormes - Le Loft', 'Hotel Restaurant Bellevue', 'Le studio TAHITI 4 pers 600m de la plage la favière', 'Auberge du Dom', 'Hôtel Les Palmiers', 'Appartement La Favière', 'Apartment le Port de Bormes-5 by Interhome', 'Appartement pieds dans l’eau Vue Mer Bormes Les Mimosas', ""Calme, Piscine - Appartement Milady's Garden"", 'Studio Bormes']"
19,Cassis,https://www.booking.com/searchresults.fr.html?ss=Cassis,"['HPC Suites - Cassis Centre - Parking Gratuit & Piscine Chauffée', 'FACE A LA MER', 'Appartement le Quai du Port Cassis parking clim', 'Home Cassis - Maison Les Calanques - Piscine chauffée à 30c', 'SunSet Cassis', ""L'ECHO DES FLOTS vue mer"", 'Le Nani Raou par Dodo à Cassis', 'SunRise Cassis', ""L'Anglet par Dodo-a-Cassis"", 'La Viguerie par Dodo-a-Cassis', 'Home Cassis - Maison Méditerranée - Piscine chauffée à 30c', 'Le Canaio Upper Club par Dodo-a-Cassis', 'Leï Tapenié 2 par Dodo-a-Cassis', 'Lou Bèu par Dodo-a-Cassis', 'La Demeure Insoupçonnée', 'Chez Jacques par Dodo-a-Cassis', 'Giovannina-N4', 'CASSIS Plage & Calanques', 'Le Clocher par Dodo-a-Cassis', 'Le Bosquet 3 par Dodo-a-Cassis', 'Giovannina N3', 'Cassis Ma Vie Là', 'Leï Tapenié par Dodo-a-Cassis', 'Best Western Plus Hôtel la Rade', 'Bèn-vengu par Dodo-à-Cassis']"
20,Marseille,https://www.booking.com/searchresults.fr.html?ss=Marseille,"['InterContinental Marseille - Hotel Dieu by IHG', 'Radisson Blu Hotel Marseille Vieux Port', 'nhow Marseille', 'New Hotel of Marseille - Vieux Port', 'Hôtel Villa M Marseille', 'Novotel Marseille Vieux Port', 'Mercure Marseille Centre Vieux Port', 'Golden Tulip Marseille Euromed', 'The Babel Community Hôtel - Vieux Port', 'Les Appartements du Vieux Port', 'Hotel Belle-Vue Vieux-Port', 'Maisons du Monde Hôtel & Suites - Marseille Vieux Port', 'PARADISE Earth & Sea', 'NH Collection Marseille', 'Pepite Coeur 7ème Tout Confort - Clim - Parking', ""La LUNA of MARSEILLE - VILLA D'ARCHITECTE B&B"", 'Grand Hotel Beauvau Marseille Vieux-Port - MGallery Collection', 'Novotel Suites Marseille Centre Euromed', 'AC Hotel by Marriott Marseille Prado Vélodrome', 'Hôtel Hermès', 'Mercure Marseille Centre Bompard La Corniche', 'Divine Idylle Central Vieux-Port Terrasse Clim', 'New Hotel Le Quai - Vieux Port', 'Best Western Plus Hôtel La Joliette', 'Mercure Marseille Canebière Vieux-Port']"
25,Aigues-Mortes,https://www.booking.com/searchresults.fr.html?ss=Aigues-Mortes,"['La Villa Mazarin', 'Artemia Aigues-Mortes - Hotel avec piscine', 'La Paloma', 'Hôtel Saint Louis', 'Résidence Odalys Fleur de Sel', 'Résidence Odalys Le Mas des Flamants', 'Boutique Hôtel des Remparts & Spa', 'Les Jardins du Canal Piscine Chauffée', 'Hôtel Le Médiéval', 'La Maison de Lyna - Suites de charme intra-muros avec parking & autonomie', 'Maison des Croisades', '27 côté remparts', ""Chambre d'hôtes villa Adoya dans les remparts, piscine, ascenseur"", 'Appartement centre village, clim et parking gratuit', 'LESEHAN APPARTEMENT AIGUES MORTES Vue Remparts', 'Maison cosy, 2 chambres, adossée aux remparts', 'Ô 36 Rempart Sud B&B', 'Maison Arthur', 'La Chambre Côté Piscine', ""Hotel L'Escale"", 'Le 8 - Maison - Jardin - BBQ - Aigues Mortes', 'Nid douillet t3 au coeur des remparts', 'Marina Aigues Mortes 75m2', 'Nuits Salines Aigues-Mortes', 'Hotel Les Templiers']"
10,Colmar,https://www.booking.com/searchresults.fr.html?ss=Colmar,"['Mercure Colmar Centre Unterlinden', 'Hotel Le Colombier', 'Hôtel Le Rapp', ""L'Esquisse Hotel & Spa Colmar - MGallery Collection"", 'Novotel Suites Colmar Centre', 'Relais & Châteaux La Maison Des Têtes', ""Hotel L'Europe"", 'Duplex élégant pour 4 pers avec garage au centre de Colmar - FR-1-722-13', 'Colmar Hotel', 'Résidence Pierre & Vacances La Petite Venise', 'Hôtel Maison Turenne', 'Best Western Colmar Expo', 'ibis Colmar Centre', ""Appart Hotel Odalys City Colmar La Rose d'Argent"", 'Hotel Restaurant Le Maréchal - Teritoria', 'Ibis Styles Colmar Centre', 'James Boutique Hôtel Colmar centre', 'Grand Hôtel Bristol', 'MeandYou Hammametspa', 'Appartement Magnîolia proche centre Ville', 'Hôtel Quatorze', 'Hotel Arc-En-Ciel Colmar Contact Hotel', 'Hotel Le Colombier Suites', 'Gîte LE VAUBAN', 'Appartement Le Verdoyant hyper centre avec Sauna et Parking']"
22,Avignon,https://www.booking.com/searchresults.fr.html?ss=Avignon,"['Best Western Plus Le Lavarin', 'Hôtel Le Bristol', 'Hôtel Cloitre Saint Louis Avignon', 'Mercure Avignon Centre Palais des Papes', 'Mercure Avignon Gare TGV', 'Kyriad Avignon - Palais des Papes', 'Le Vieux Sextier - AC Clim - Lumineux - WIFI - Hypercentre', 'Mercure Pont d’Avignon Centre', 'Appartement Les Hortensias', 'Duplex-Ceiling height 1,9m-Free private parking-Self check in !! Duplex climatisé-Hauteur sous plafond 1,9m-Parking privé gratuit-Arrivée autonome !!', 'Avignon Grand Hotel', 'ibis Avignon Sud', ""Hotel d'Europe"", 'Hotel De Cambis Best Western Premier Collection', 'Au cœur des Papes, dans bâtisse de charme studios & appartements en cœur de ville', 'ibis budget Avignon Centre', 'Hotel Le Magnan', 'Apartment 40m2-Air conditioning-Elevator-Underground parking-Self checkin! Appart climatisé 40m2-Ascenseur-Parking souterrain -Arrivée autonome', 'Les Cachettes', 'Le Cosy du Gal, à 2 Pas du Palais des Papes parking gratuit securisé', ""Hôtel de l'Horloge"", 'Hôtel Le Médiéval Palais des Papes', 'Garlande Hôtel Avignon Centre', 'ibis Avignon Centre Gare', 'ApartHotel Sainte-Marthe']"
23,Uzès,https://www.booking.com/searchresults.fr.html?ss=Uzès,"['Boutique Hôtel Entraigues', 'Hôtel Le SAINT-GENIÈS', ""Maison de Roche-Uzès Centre Historique L' Ucetia"", 'La Taverne', 'Chez Louis de Uzès', ""Ulysse, Appartement Spacieux au Centre Historique d'Uzès en rez-de-chaussée avec extérieur, proche parking des Marroniers"", 'Uzès centre à 2 min - piscine - clim - parking', 'Logis Hotel Restaurant Uzès Pont du Gard', 'Appartement cosy centre Uzès, parking gratuit, piscine', ""La Grande Bourgade-Authentique Maison en Pierre avec Terrasse Climatisation au Cœur d'Uzès"", ""La Maison Rouge d'Uzes B&B"", 'Le Mas des Alexandrins', 'La petite hostellerie', 'Appartement moderne central avec piscine, garage privé et terrasse sud', ""La Maison d'Uzès Relais & Châteaux"", ""Le Cerisier au cœur d'Uzès"", 'Le trente trois', 'Une chambre à Uzès', 'Patio De Violette', 'la parenthèse Hostellerie Provençale', ""Uzès, au cœur du centre médiéval La Boussole d'Uzès, appartement de caractère du XVII -ème siècle"", 'Uzès centre la TERRASSE des CAPUCINES avec Garage privée', 'Uzès Place aux Herbes Elégance Renaissance', 'Séjour Evasion à Uzès', 'Appartement dans Hotel de Flaux']"
14,Annecy,https://www.booking.com/searchresults.fr.html?ss=Annecy,"['Rivage Hôtel & Spa Annecy', 'Impérial Palace', 'Le Pélican', ""Le Splendid Hotel Lac D'Annecy - Handwritten Collection"", 'Best Western Plus Hotel Carlton Annecy', 'Hôtel Le Pré Carré', 'Allobroges Park Hôtel', 'Moxy Annecy', 'Aparthotel Adagio Annecy Centre', 'Campanile Annecy Centre - Gare', ""Hôtel du Palais de l'Isle"", 'Novotel Annecy Centre', 'Le Luxury Design de la Vieille Ville', 'Magic Moments Appartement', 'Hôtel des Alpes', 'Les Trésoms Lake and Spa Resort', 'ibis Annecy Centre Vieille Ville', 'Hôtel de Bonlieu', 'Le 17 Faubourg', 'Le Bel Abri', 'Hôtel Les Muses', 'Hôtel Catalpa', 'Atipik Hôtel', ""La canopée d'Annecy - spacieux T3 situé à l'entrée de la vieille ville avec garage et grande terasse"", 'Folk Loft']"
21,Aix-en-Provence,https://www.booking.com/searchresults.fr.html?ss=Aix-en-Provence,"['Renaissance Aix-en-Provence Hotel', 'Château de la Gaude', 'Grand Hôtel Roi René Aix - MGallery Collection', 'Aquabella Hôtel & Spa', 'Le Set Hôtel & Spa', 'Best Western Hotel le Galice Aix-en-Provence', 'Radisson Hotel Aix En Provence', 'La Caravelle', 'Hôtel Particulier Le 28 - Spa & Art Luxury Design by Alain Ducasse', 'Hôtel Boutique Cézanne centre Aix-en-Provence', 'Negrecoste Hôtel & Spa', 'Hôtel de la Rotonde Aix en Provence', 'Aparthotel Adagio Aix-en-Provence Centre', 'Hôtel des Augustins', 'Séjours & Affaires Aix-en-Provence Mirabeau', 'Hôtel de France', 'Villa Saint-Ange', ""Appart Hotel Odalys City Aix en Provence L'Atrium"", 'Les Suites du Cours & Spa', 'Le Jardinet de la Cathédrale', ""La Bastide de Damien, 5 clefs Demeure d'Exception et Table Remarquable dans le guide Teritoria, JACUZZI Privatif, Cuisine étoilée Dominique Frérard"", 'Les Lodges Sainte-Victoire Hotel & Spa', 'Hôtel Escaletto', 'Le Concorde', 'Les Quatre Dauphins']"
28,Carcassonne,https://www.booking.com/searchresults.fr.html?ss=Carcassonne,"['Mercure Carcassonne La Cité', 'Hotel du Roi & Spa by SOWELL COLLECTION', 'Hotel de la Cité Carcassonne - MGallery Collection', 'ibis Styles Carcassonne La Cité', 'Hôtel du Château & Spa - Teritoria', 'Hôtel Le Donjon - Cœur de La Cité Médiévale', 'Hôtel Montmorency & Spa', 'GOOD KNIGHT', 'Tribe Carcassonne', 'SOWELL HOTELS Les Chevaliers', 'Maison Thérèse by Panorama Locations - SPA privatif', 'Au point du jour - Gîtes Carcassonne, Lac de la Cavayère', 'Les Bellevue Cité à 1km, clim, parking public gratuit, parking privé, wifi - Cité at 1km, Aircon, free public car park, private parking', 'LOFT SPA - Côté château.', 'Hotel Pont Levis - Franck Putelat', 'Les clés de la Cité - 5 appartements', 'La Rapière', 'Les Bellevue Cité Trivalle, Cité 500m, free private car park on demand, free public car park 200m, aircon, WIFI, Cité view terrace', ""Hôtel l'Aragon"", ""**Auberge de l'Aude**"", 'ibis budget Carcassonne La Cité', 'Domaine du Prieuré Couvent & Presbytère', 'Douce Parenthese a Carcassonne', ""L'Onde des berges de l'Aude"", 'ibis Carcassonne Centre - La Cité']"
3,Le Havre,https://www.booking.com/searchresults.fr.html?ss=Le Havre,"['Hilton Garden Inn Le Havre Centre', 'Mercure Le Havre Centre Bassin Du Commerce', ""Hôtel Spa Vent d'Ouest"", 'ibis Le Havre Centre', 'Hotel Spa Le Pasino', 'Novotel Le Havre Centre Gare', 'All Suites Appart Hôtel - Le Havre Centre - Les docks', 'Nomad Hotel le Havre Centre Gare', 'Appart Hotel Odalys City Le Havre Centre Les Docks', '""L\'amarrage"" 2 chambres Perret Pleine Vue Mer', 'Hôtel Richelieu, Le Havre Centre-Ville, Perret', 'Appart Hotel Odalys City Le Havre Centre', ""The Originals Boutique, Hôtel d'Angleterre, Le Havre, centre, plage"", 'Hotel de Charme La Bonne Adresse - Logis hotels', 'Aparthotel Adagio Access Le Havre Les Docks', 'Best Western ARThotel', 'Best Western Plus Le Havre Centre Gare', 'Au coin du Volcan - Hypercentre', 'Oscar Hôtel Le Havre Centre', 'Birgit Hôtel Le Havre Centre', 'The Originals Boutique, Hôtel Le Marignan,Le Havre Centre Gare', ""Le Pop Art' - Terrasse Great Sea View and Parking"", 'Premiere Classe Le Havre Centre-LES DOCKS', 'LA PARENTHÈSE HAVRAISE - Parking privé Plein centre & Très calme', 'Foch']"
29,Ariège,https://www.booking.com/searchresults.fr.html?ss=Ariège,"['Chalet Pyrénéen', 'Elégant et moderne', 'Reflet de Bien Être', 'Le Nopal Bleu', ""Le sapin rouge - Restaurant - bar - chambres d'hôtes"", ""Le Domaine d'Arignac"", 'Le Valier, T2 résidence Grand Hôtel - Appt 308 - Aulus-les-bains', ""D'tente skylodge SKALI"", 'chalet des Illes SAINT MARTIN IIII', 'Maison spacieuse face aux Pyrénées', 'Le petit nid', ""Chambres d'hôtes Belle Occitane"", ""Chambre d'Hôtes La Bourdasse"", 'Maison Cancela', 'Hostellerie de La Poste', ""la maison d'Anna chambres d hôtes"", 'Gite De Charme', 'Artbnb', 'Malepère', 'Petit Gîte TARA avec SPA - Ariege Pyrénées', 'Le Hameau du Comté de Foix', 'La Grange - 10 couchages', 'Camping Le Castella', 'AUX 4 LOGIS Appart-hotel - Studio Le Roof - Une vue splendide - Petit déjeuner inclus 1ère nuit', 'The Originals Access, Hôtel Foix']"
30,Toulouse,https://www.booking.com/searchresults.fr.html?ss=Toulouse,"['OVYO Hôtel', 'Mercure Toulouse Centre Saint-Georges', 'Mama Shelter Toulouse', 'Aparthotel Adagio Original Toulouse Centre La Grave', 'Plaza Hotel Capitole Toulouse', 'Le Grand Balcon Hotel', 'Appartement de prestige – rue des Arts', 'Boutique Hotel Villa du Taur', ""L'INOX"", 'Nemea Appart Hotel Concorde Toulouse Gare Matabiau', 'Bel apt rénové en bord de Garonne', 'Ibis Styles Toulouse Capitole', 'The Social Hub Toulouse', 'Duplex Tolosa - Pont-Neuf, Dôme de la Grave, 2 BDRs 85m2, AC, Free private car park - T3 85m2 avec clim, parking privé gratuit', 'Cœur Capitole 122m2- Clim - Parking - Ascenseur- Métro', 'Hôtel Ours Blanc - Wilson', 'Appartements Design Hypercentre', 'Toulouse - Alsace Lorraine - Languedoc-Place du Salin-Muséum Histoire naturelle- Jardin des plantes-Musée Augustins- Palais de Justice station métro Carmes ligne B', 'Novotel Toulouse Centre Compans Caffarelli', 'Hôtel Innes by HappyCulture', 'Ibis Styles Toulouse Centre Canal du Midi', 'Chez Pauline & Simon - Appt climatisé', 'Appart Hotel Odalys City Toulouse Colombélie', 'Hôtel Ours Blanc - Centre', 'Hotel Les Capitouls Toulouse Centre - Handwritten Collection']"
24,Nîmes,https://www.booking.com/searchresults.fr.html?ss=Nîmes,"['Maison Albar Hotels L’Imperator', ""Appart'hôtel Odalys City - Nîmes Arènes - Palais des Congrès"", 'Hôtel & Spa Vatel', 'Comfort Aparthotel Nimes Centre', 'Royal Hôtel', 'Margaret - Hôtel Chouleur', ""Appart'City Collection Nîmes Arènes"", 'Best Western Marquis de la Baume', ""AfroBoHome, Ambiance d'ailleurs, Familles et petits groupes, clim, 2 à 6 personnes, Proche centre Nîmes, Garage clos"", 'Hôtel Le Pré Galoffre', 'ibis Styles Nimes Gare Centre', 'Le Mas des Oliviers Nîmes', 'ibis budget Nimes Centre Gare', 'Campanile PRIME - Nîmes Centre', 'SQUARE HOTEL', 'HÔTEL C SUITES chambres spacieuses', 'ibis Nîmes Ouest - A9', 'Appartement nimes centre', 'B&B HOTEL Nîmes Ville Active, parking sécurisé gratuit', 'Résidence Du Golf', 'Logis NIMOTEL Hôtel Cosy', 'Hotel Majestic', 'Hôtel Abalone - Centre Gare', ""Hôtel De L'Amphithéâtre"", 'Roma Divine home cinéma et jardin']"
32,Biarritz,https://www.booking.com/searchresults.fr.html?ss=Biarritz,"['Hôtel Barnea', 'Hôtel Le Café de Paris', 'Regina Experimental Biarritz', 'Hôtel de La Plage', 'ALFRED HOTELS Les Halles', 'Résidence Vacances Bleues Le Grand Large', 'Hotel Villa Koegui Biarritz', 'Hotel de Silhouette', 'Hôtel Florida', 'Hotel Saint Julien', 'Résidence Pierre & Vacances Premium Haguna', 'Ama Hôtel', 'ALFRED HOTELS Port-Vieux', 'Hôtel Jules Verne Biarritz', 'Le Talaia Hôtel & Spa Biarritz - MGallery Collection', 'Nemea Appart Hotel Les Hauts de Milady Biarritz', 'Résidence Victoria Surf', ""Hotel De L'Océan"", 'Hôtel Le Windsor Biarritz', 'Le Garage Biarritz Hôtel', 'Roc Seven Biarritz', 'Le Gamaritz', 'Hotel Marbella', 'Résidence Biarritz Ocean', 'Hôtel Cosmopolitain']"
27,Collioure,https://www.booking.com/searchresults.fr.html?ss=Collioure,"['Les Roches Brunes', 'Hôtel La Casa Pairal', 'Maison Nova - Boutique Hôtel & Spa', 'Le Madeloc Hôtel & Spa', 'Grand Hotel Du Golfe - Spa & Restaurant', 'La Casa Machado 2', 'La Frégate', 'Hotel Méditerranée', 'Le Mas des Citronniers', ""L'Escale de Collioure - Climatisé, parking privé sécurisé, vue mer"", 'Les Suites de Collioure', 'Canta la Mar - Vue exceptionnelle', 'Casa Collioura & Spa', 'Le Relais Des Trois Mas', 'Hôtel Princes de Catalogne', '6CREU1 - confortable appartement avec terrasses et jardinet dans maison Collioure', 'Appartement Collioure centre & GARAGE PRIVATIF', 'Residence Pierre & Vacances Les Balcons de Collioure', 'Les Jasmins', 'Fenêtre sur Collioure', ""Résidence Port d'Avall - Piscine Parking Clim - 200 m plage - 4 pers - 2 chambres"", 'Ravissant T2 bord de mer garage privé classé 3 étoiles', 'Logement 50 m de la plage Arrivée et Départ Autonome', 'Hotel Le Bon Port', ""Appartement vue mer les pieds dans l'eau""]"
26,Saintes-Maries-de-la-Mer,https://www.booking.com/searchresults.fr.html?ss=Saintes-Maries-de-la-Mer,"['Thalacap Camargue', 'Hôtel Casa Marina', 'Mas Des Salicornes', 'Hotel Les Palmiers En Camargue', 'Hôtel Restaurant Les Arnelles', 'Les Bains Gardians', 'Hotel Le Bleu Marine', 'Oh! Campings La Brise', 'Vila De La Mar & Spa', 'Appartement en bord de Mer', 'Abrivado', 'Hôtel du Pont Blanc', ""Résidence L'Oiseau des Mers"", 'Le Mas de Cocagne', 'Hotel La Tramontane', 'Le Dauphin Bleu', 'Lodge Sainte Helene Adult only', 'Hotel Mas des Lys', 'Mas De Calabrun', 'Le Fangassier', 'Mas de la Fouque - Hôtel & Spa', 'Mangio Fango Hotel et Spa', 'Hôtel Le Mirage', 'Le Maset en Camargue', 'un rêve à la mer']"
31,Montauban,https://www.booking.com/searchresults.fr.html?ss=Montauban,"['Dali Hôtel Montauban', 'Abbaye des Capucins Spa & Resort', 'ibis Montauban', 'Hôtel du Commerce', 'Hôtel Mercure Montauban', ""Manoir de la Gravette, Maison & Table d'Hôtes"", 'B&B HOTEL Montauban', 'Sure Hotel by Best Western Les Portes de Montauban', 'ibis Styles Montauban', 'DORMIR A MONTAUBAN Logements Carreyrat Calme et Verdoyant', 'ibis budget Montauban Les Chaumes', 'Kyriad Montauban Sud - Albasud', 'Le Passage de la Comédie - Climatisation & WiFi Fibre', 'Villa de cammas', 'Centre Louis Ormières', 'Le Clos Andrée - Charmante maison 8 personnes - 5 lits - Climatisation réversible - Parking 3 véhicules - Garage - Zone Nord Montauban - Terrasse et jardin', 'Brit Hotel Confort Montauban', 'Kyriad Direct Montauban Centre', 'Maison de ville tout confort 10 personnes avec piscine', 'Premiere Classe Montauban', 'La parenthèse gourmande avec clim et parking', 'Voyage au Canal - Parking Clim Netflix Amazon', '""Le cocon de Sapiac"" proche du centre, garage', 'Château de Loubéjac', 'Vanille Bourbon']"
33,Bayonne,https://www.booking.com/searchresults.fr.html?ss=Bayonne,"['Hôtel Le Bayonne', 'OKKO Hotels Bayonne Centre', 'Hôtel Mercure Bayonne Centre Le Grand Hotel', 'Hotel Cote Basque', 'Parc 709 Bayonne', 'Hôtel Villa KOEGUI Bayonne', 'Boutique Hôtel Un Appart en Ville', 'Hôtel des Basses Pyrénées - Bayonne', 'ibis Bayonne Centre', ""Maison d'hôtes City Break MIRADOUR"", 'Appartement Bourbon - Welkeys', 'ibis Styles Bayonne', 'ibis budget Bayonne', 'EUSKAL Etxea - Centre historique', 'Hôtel Villa la Renaissance', 'Hotel Loreak', 'Carré des Halles Centre Historique', 'Designer villa with pool', 'Petit Appartement dans une maison', 'Libertitu', ""Appart'Hôtel Bellevue"", 'Duplex Typique Centre Bayonne', 'Hotel Le Port Neuf', 'Temporesidence Chateauneuf', 'Appartement Bayonne-Adour, 3 pièces, 6 personnes.']"
34,La Rochelle,https://www.booking.com/searchresults.fr.html?ss=La Rochelle,"['Hôtel Le Yachtman, The Originals Collection', 'Central Park Hôtel & Spa', 'Le Saint-Nicolas', 'Maisons du Monde Hôtel & Suites - La Rochelle Vieux Port', 'Hôtel La Monnaie Arty & Spa', 'Mercure La Rochelle Vieux Port', 'ibis Styles La Rochelle Centre', 'Tour de Nesle La Rochelle Vieux Port 3 etoiles', 'Résidence Pierre & Vacances Centre', ""Lagrange Apart'Hotel l’Escale Marine"", 'Maison des Ambassadeurs', 'Hôtel La Fabrique', 'Superbe T2 de 45m² en hyper centre', 'Le Champlain', 'Hôtel Les Brises', ""L'ORATOIRE 2"", 'Le baroque Rochelais', 'Hôtel François 1er', 'Best Western Premier Le Masq Hotel', 'ibis La Rochelle Vieux Port', 'Appartement Saint Claude - Centre Port', 'Maison Caju - La Rochelle', 'Novotel La Rochelle Centre', 'le Gabut vue port', 'ATHOME RESIDENCE ET SPA']"
